-- phpMyAdmin SQL Dump
-- version 4.8.0.1
-- https://www.phpmyadmin.net/
--
-- Host: 127.0.0.1
-- Waktu pembuatan: 06 Bulan Mei 2023 pada 15.07
-- Versi server: 10.1.32-MariaDB
-- Versi PHP: 7.2.5

SET SQL_MODE = "NO_AUTO_VALUE_ON_ZERO";
SET AUTOCOMMIT = 0;
START TRANSACTION;
SET time_zone = "+00:00";


/*!40101 SET @OLD_CHARACTER_SET_CLIENT=@@CHARACTER_SET_CLIENT */;
/*!40101 SET @OLD_CHARACTER_SET_RESULTS=@@CHARACTER_SET_RESULTS */;
/*!40101 SET @OLD_COLLATION_CONNECTION=@@COLLATION_CONNECTION */;
/*!40101 SET NAMES utf8mb4 */;

--
-- Database: `project`
--

-- --------------------------------------------------------

--
-- Struktur dari tabel `akses`
--

CREATE TABLE `akses` (
  `id_akses` int(11) NOT NULL,
  `nama_akses` varchar(25) NOT NULL,
  `deskripsi` varchar(100) NOT NULL
) ENGINE=InnoDB DEFAULT CHARSET=latin1;

--
-- Dumping data untuk tabel `akses`
--

INSERT INTO `akses` (`id_akses`, `nama_akses`, `deskripsi`) VALUES
(1, 'administrator', 'sebagai  pengelola kendali penuh pada sistem aplikasi'),
(2, 'Asisten admin', 'sebagai pengelola sistem stok barang, penjualan dan laporan');

-- --------------------------------------------------------

--
-- Struktur dari tabel `bank`
--

CREATE TABLE `bank` (
  `id` int(11) NOT NULL,
  `nama_bank` varchar(10) NOT NULL
) ENGINE=InnoDB DEFAULT CHARSET=latin1;

--
-- Dumping data untuk tabel `bank`
--

INSERT INTO `bank` (`id`, `nama_bank`) VALUES
(1, 'MANDIRI'),
(2, 'BNI'),
(3, 'BCA'),
(4, 'BRI'),
(5, 'CIMB Niaga');

-- --------------------------------------------------------

--
-- Struktur dari tabel `barang`
--

CREATE TABLE `barang` (
  `id_barang` int(11) NOT NULL,
  `nama_barang` varchar(30) NOT NULL,
  `id_kategori` int(11) NOT NULL,
  `ukuran` varchar(5) NOT NULL,
  `harga` int(20) NOT NULL,
  `foto` varchar(80) NOT NULL
) ENGINE=InnoDB DEFAULT CHARSET=latin1;

--
-- Dumping data untuk tabel `barang`
--

INSERT INTO `barang` (`id_barang`, `nama_barang`, `id_kategori`, `ukuran`, `harga`, `foto`) VALUES
(75, 'Kopi', 21, '', 5000, 'dcadd748c25293bddb2688dd1a939317.jpg'),
(76, 'Teh Celup', 21, '', 7000, 'fd0c591ec5638755767e3f50b71cbb64.jpg'),
(77, 'Pasta Gigi', 21, '', 10000, '972fcca990a6f3c4aa7ce1bee594c8ee.jpg'),
(78, 'sampo', 21, '', 20000, 'd2e0976b593e1b6b516ff1d61407ca4d.jpg'),
(79, 'Sabun Mandi', 21, '', 25000, '209fdc4c62fb7edc8f07e56f4a2ff028.jpg');

-- --------------------------------------------------------

--
-- Struktur dari tabel `detail_penjualan`
--

CREATE TABLE `detail_penjualan` (
  `id` int(11) NOT NULL,
  `no_trf` varchar(50) NOT NULL,
  `nama_pelanggan` varchar(35) NOT NULL,
  `totalpure` bigint(20) NOT NULL,
  `grand_total` bigint(20) NOT NULL,
  `diskon` int(3) NOT NULL,
  `bayar` bigint(20) NOT NULL,
  `kembalian` bigint(20) NOT NULL,
  `catatan` varchar(50) NOT NULL,
  `tgl_trf` date NOT NULL,
  `jam_trf` time NOT NULL,
  `id_pembayaran` int(2) NOT NULL,
  `no_rek` int(18) DEFAULT NULL,
  `atas_nama` varchar(35) NOT NULL,
  `id_bank` int(2) DEFAULT NULL,
  `operator` varchar(30) NOT NULL
) ENGINE=InnoDB DEFAULT CHARSET=latin1;

--
-- Dumping data untuk tabel `detail_penjualan`
--

INSERT INTO `detail_penjualan` (`id`, `no_trf`, `nama_pelanggan`, `totalpure`, `grand_total`, `diskon`, `bayar`, `kembalian`, `catatan`, `tgl_trf`, `jam_trf`, `id_pembayaran`, `no_rek`, `atas_nama`, `id_bank`, `operator`) VALUES
(13, 'C20230506012', 'Firan', 50000, 50000, 0, 50000, 0, '', '2021-05-01', '19:37:51', 1, 0, '', NULL, 'admin'),
(14, 'C20230506013', 'Fahri', 133000, 133000, 0, 140000, 7000, '', '2021-05-05', '19:40:08', 1, 0, '', NULL, 'admin'),
(15, 'C20230506014', 'Putri', 75000, 75000, 0, 80000, 5000, '', '2021-05-10', '19:46:49', 1, 0, '', NULL, 'admin'),
(16, 'C20230506015', 'Faisal', 200000, 200000, 0, 200000, 0, '', '2021-05-11', '19:47:52', 1, 0, '', NULL, 'admin'),
(17, 'C20230506016', 'Rizal', 750000, 750000, 0, 800000, 50000, '', '2021-05-11', '19:48:53', 1, 0, '', NULL, 'admin'),
(18, 'C20230506017', 'Abdullah', 500000, 500000, 0, 500000, 0, '', '2021-05-12', '19:50:10', 1, 0, '', NULL, 'admin'),
(19, 'C20230506018', 'Ica', 35000, 35000, 0, 40000, 5000, '', '2021-05-12', '19:51:20', 1, 0, '', NULL, 'admin');

-- --------------------------------------------------------

--
-- Struktur dari tabel `kategori`
--

CREATE TABLE `kategori` (
  `id_kategori` int(11) NOT NULL,
  `nama_kategori` varchar(35) NOT NULL
) ENGINE=InnoDB DEFAULT CHARSET=latin1;

--
-- Dumping data untuk tabel `kategori`
--

INSERT INTO `kategori` (`id_kategori`, `nama_kategori`) VALUES
(21, 'Konsumsi');

-- --------------------------------------------------------

--
-- Struktur dari tabel `operator`
--

CREATE TABLE `operator` (
  `id_operator` int(11) NOT NULL,
  `nama_operator` varchar(50) NOT NULL,
  `username` varchar(30) NOT NULL,
  `password` varchar(32) NOT NULL,
  `id_akses` int(3) NOT NULL,
  `last_login` date NOT NULL,
  `foto` varchar(100) NOT NULL
) ENGINE=InnoDB DEFAULT CHARSET=latin1;

--
-- Dumping data untuk tabel `operator`
--

INSERT INTO `operator` (`id_operator`, `nama_operator`, `username`, `password`, `id_akses`, `last_login`, `foto`) VALUES
(9, 'Igfirly Alhadist', 'Admin', '21232f297a57a5a743894a0e4a801fc3', 1, '2023-05-06', '60ba8d86876062969313b94475ae16d5.png');

-- --------------------------------------------------------

--
-- Struktur dari tabel `pembayaran`
--

CREATE TABLE `pembayaran` (
  `id_byr` int(2) NOT NULL,
  `metode` varchar(20) NOT NULL
) ENGINE=InnoDB DEFAULT CHARSET=latin1;

--
-- Dumping data untuk tabel `pembayaran`
--

INSERT INTO `pembayaran` (`id_byr`, `metode`) VALUES
(1, 'Cash'),
(2, 'Transfer');

-- --------------------------------------------------------

--
-- Struktur dari tabel `penjualan`
--

CREATE TABLE `penjualan` (
  `id_transaksi` int(11) NOT NULL,
  `id_dtlpen` int(5) NOT NULL,
  `id_barang` int(11) NOT NULL,
  `jumlah_stok` int(11) NOT NULL,
  `harga_barang` bigint(20) NOT NULL,
  `sub_total` bigint(20) NOT NULL
) ENGINE=InnoDB DEFAULT CHARSET=latin1;

--
-- Dumping data untuk tabel `penjualan`
--

INSERT INTO `penjualan` (`id_transaksi`, `id_dtlpen`, `id_barang`, `jumlah_stok`, `harga_barang`, `sub_total`) VALUES
(48, 13, 75, 10, 5000, 50000),
(49, 14, 76, 19, 7000, 133000),
(50, 15, 75, 15, 5000, 75000),
(51, 16, 77, 20, 10000, 200000),
(52, 17, 79, 30, 25000, 750000),
(53, 18, 78, 25, 20000, 500000),
(54, 19, 76, 5, 7000, 35000);

-- --------------------------------------------------------

--
-- Struktur dari tabel `stok`
--

CREATE TABLE `stok` (
  `id_stok` int(11) NOT NULL,
  `id_barang` int(11) NOT NULL,
  `stok_barang` int(11) NOT NULL,
  `tanggal_stok` date NOT NULL
) ENGINE=InnoDB DEFAULT CHARSET=latin1;

--
-- Dumping data untuk tabel `stok`
--

INSERT INTO `stok` (`id_stok`, `id_barang`, `stok_barang`, `tanggal_stok`) VALUES
(57, 75, 75, '2023-05-06'),
(58, 76, 76, '2023-05-06'),
(59, 77, 80, '2023-05-06'),
(60, 78, 75, '2023-05-06'),
(61, 79, 70, '2023-05-06');

-- --------------------------------------------------------

--
-- Struktur dari tabel `ukuran`
--

CREATE TABLE `ukuran` (
  `id_ukuran` int(11) NOT NULL,
  `nama_ukuran` varchar(35) NOT NULL
) ENGINE=InnoDB DEFAULT CHARSET=latin1;

--
-- Dumping data untuk tabel `ukuran`
--

INSERT INTO `ukuran` (`id_ukuran`, `nama_ukuran`) VALUES
(1, 'S'),
(2, 'M'),
(3, 'L'),
(4, 'XL'),
(5, 'XXL'),
(6, 'No Size');

--
-- Indexes for dumped tables
--

--
-- Indeks untuk tabel `akses`
--
ALTER TABLE `akses`
  ADD PRIMARY KEY (`id_akses`);

--
-- Indeks untuk tabel `bank`
--
ALTER TABLE `bank`
  ADD PRIMARY KEY (`id`);

--
-- Indeks untuk tabel `barang`
--
ALTER TABLE `barang`
  ADD PRIMARY KEY (`id_barang`);

--
-- Indeks untuk tabel `detail_penjualan`
--
ALTER TABLE `detail_penjualan`
  ADD PRIMARY KEY (`id`);

--
-- Indeks untuk tabel `kategori`
--
ALTER TABLE `kategori`
  ADD PRIMARY KEY (`id_kategori`);

--
-- Indeks untuk tabel `operator`
--
ALTER TABLE `operator`
  ADD PRIMARY KEY (`id_operator`);

--
-- Indeks untuk tabel `pembayaran`
--
ALTER TABLE `pembayaran`
  ADD PRIMARY KEY (`id_byr`);

--
-- Indeks untuk tabel `penjualan`
--
ALTER TABLE `penjualan`
  ADD PRIMARY KEY (`id_transaksi`);

--
-- Indeks untuk tabel `stok`
--
ALTER TABLE `stok`
  ADD PRIMARY KEY (`id_stok`);

--
-- Indeks untuk tabel `ukuran`
--
ALTER TABLE `ukuran`
  ADD PRIMARY KEY (`id_ukuran`);

--
-- AUTO_INCREMENT untuk tabel yang dibuang
--

--
-- AUTO_INCREMENT untuk tabel `akses`
--
ALTER TABLE `akses`
  MODIFY `id_akses` int(11) NOT NULL AUTO_INCREMENT, AUTO_INCREMENT=3;

--
-- AUTO_INCREMENT untuk tabel `bank`
--
ALTER TABLE `bank`
  MODIFY `id` int(11) NOT NULL AUTO_INCREMENT, AUTO_INCREMENT=6;

--
-- AUTO_INCREMENT untuk tabel `barang`
--
ALTER TABLE `barang`
  MODIFY `id_barang` int(11) NOT NULL AUTO_INCREMENT, AUTO_INCREMENT=80;

--
-- AUTO_INCREMENT untuk tabel `detail_penjualan`
--
ALTER TABLE `detail_penjualan`
  MODIFY `id` int(11) NOT NULL AUTO_INCREMENT, AUTO_INCREMENT=20;

--
-- AUTO_INCREMENT untuk tabel `kategori`
--
ALTER TABLE `kategori`
  MODIFY `id_kategori` int(11) NOT NULL AUTO_INCREMENT, AUTO_INCREMENT=22;

--
-- AUTO_INCREMENT untuk tabel `operator`
--
ALTER TABLE `operator`
  MODIFY `id_operator` int(11) NOT NULL AUTO_INCREMENT, AUTO_INCREMENT=10;

--
-- AUTO_INCREMENT untuk tabel `pembayaran`
--
ALTER TABLE `pembayaran`
  MODIFY `id_byr` int(2) NOT NULL AUTO_INCREMENT, AUTO_INCREMENT=3;

--
-- AUTO_INCREMENT untuk tabel `penjualan`
--
ALTER TABLE `penjualan`
  MODIFY `id_transaksi` int(11) NOT NULL AUTO_INCREMENT, AUTO_INCREMENT=55;

--
-- AUTO_INCREMENT untuk tabel `stok`
--
ALTER TABLE `stok`
  MODIFY `id_stok` int(11) NOT NULL AUTO_INCREMENT, AUTO_INCREMENT=62;

--
-- AUTO_INCREMENT untuk tabel `ukuran`
--
ALTER TABLE `ukuran`
  MODIFY `id_ukuran` int(11) NOT NULL AUTO_INCREMENT, AUTO_INCREMENT=7;
COMMIT;

/*!40101 SET CHARACTER_SET_CLIENT=@OLD_CHARACTER_SET_CLIENT */;
/*!40101 SET CHARACTER_SET_RESULTS=@OLD_CHARACTER_SET_RESULTS */;
/*!40101 SET COLLATION_CONNECTION=@OLD_COLLATION_CONNECTION */;
